<?xml version="1.0" encoding="UTF-8"?><TaskList Version="2.0"><Task ConnectorKind="local" RepositoryUrl="local" TaskId="1" Handle="local-1" Label="UI菜单选择那里继续修改" Priority="P2" Kind="task" IssueURL="" Notes="" Estimated="0" EndDate="2018-11-06 07:37:43.319 +0800" CreationDate="2018-11-05 19:14:59.665 +0800" ModificationDate="" DueDate="" Owner="local" Active="false" ScheduledStartDate="2018-11-04 00:00:00.0 +0800" ScheduledEndDate="2018-11-10 23:59:59.999 +0800" Reminded="false" MarkReadPending="false" NotifiedIncoming="true" offlineSyncState="SYNCHRONIZED"/><Task ConnectorKind="local" RepositoryUrl="local" TaskId="4" Handle="local-4" Label="SqlQuery的登陆查询写好" Priority="P3" Kind="task" Notes="Date的使用，以及数据传出" Estimated="0" EndDate="" CreationDate="2018-11-20 19:26:56.778 +0800" ModificationDate="" DueDate="" Owner="local" Active="true" ScheduledStartDate="2018-11-18 00:00:00.0 +0800" ScheduledEndDate="2018-11-24 23:59:59.999 +0800" Reminded="false" MarkReadPending="false" NotifiedIncoming="true" offlineSyncState="SYNCHRONIZED"/><Task ConnectorKind="local" RepositoryUrl="local" TaskId="2" Handle="local-2" Label="登陆错误时的动作和信息提示" Priority="P3" Kind="task" Notes="" Estimated="0" EndDate="2018-11-20 20:57:58.882 +0800" CreationDate="2018-11-20 15:00:52.873 +0800" ModificationDate="" DueDate="" Owner="local" Active="false" ScheduledStartDate="2018-11-18 00:00:00.0 +0800" ScheduledEndDate="2018-11-24 23:59:59.999 +0800" Reminded="false" MarkReadPending="false" NotifiedIncoming="true" offlineSyncState="SYNCHRONIZED"/><TaskCategory Handle="Uncategorized" Name="Uncategorized"><TaskReference Handle="local-1"/><TaskReference Handle="local-2"/><TaskReference Handle="local-4"/></TaskCategory></TaskList>